Workbook

Sheet Accounts by State+Cost Center
A1: Texas | E1: Florida | I1: Pennsylvania | M1: Arizona
A2: Accounts | B2: Vendors to check | C2: Cost Centers | E2: Accounts | F2: Vendors to check | G2: Cost Centers | I2: Accounts | J2: Vendors to check | K2: Cost Centers | M2: Accounts | N2: Vendors to check | O2: Cost Centers | Q2: 630010
A3: 630010 | B3: LIBERTY,FREEPOINT | C3: 6061 | E3: 630010 | F3: JEA, JAC,TEC | G3: 6041 | I3: 630010 | J3: PPL | K3: 6011 | M3: 630010 | N3: APS | O3: 6051 | Q3: 630030
A4: 630030 | B4: ATM03 | C4: 6062 | E4: 630070 | F4: ADT,STA124 | G4: 6042 | I4: 630030 | J4: UGI, CENTER PT | K4: 6012 | M4: 632010 | O4: 6052 | Q4: 630070
A5: 630070 | B5: GURKIN | C5: 6063 | E5: 630090 | F5: CINTAS | G5: 6043 | I5: 630090 | K5: 6013 | M5: 632020 | O5: 6053 | Q5: 630080
A6: 630080 | B6: DUNCAN,REPUBLIC | E6: 660040 | I6: 631020 | J6: Grainger,Omnilift | M6: 631010 | Q6: 630090
A7: 630090 | B7: ALPHA, CINTAS | E7: 660050 | I7: 631030 | M7: 631020 | N7: MAT490, FER173, RAY233 | Q7: 631010
A8: 631010 | B8: CROWN, DLT, WW GRAINGER, MALIN | E8: 652070 | I8: 631040 | M8: 631030 | Q8: 631020
A9: 631020 | B9: CROWN, DLT | E9: 652050 | F9: LIFT POWER, UNISOURCE | I9: 652020 | M9: 631040 | Q9: 631030
A10: 631030 | E10: 652030 | I10: 652050 | M10: 652020 | Q10: 631040
A11: 631040 | B11: POLLOCK | E11: 631020 | I11: 652070 | M11: 652050 | Q11: 651010
A12: 651010 | B12: SIGMA | E12: 651090 | I12: 660040 | M12: 652070 | Q12: 651020
A13: 651020 | I13: 652030 | M13: 660040 | Q13: 651030
A14: 651030 | I14: 631010 | J14: JCE138 | M14: 652030 | Q14: 651040
A15: 651040 | B15: UNISOURCE | I15: 660050 | M15: 650050 | Q15: 651050
A16: 651050 | M16: 651090 | Q16: 651060
A17: 651060 | B17: ULINE | I17: **Toilet paper is not taxed | Q17: 651070
A18: 651070 | Q18: 651080
A19: 651080 | Q19: 651090
A20: 651090 | Q20: 652020
A21: 652020 | Q21: 652030
A22: 652030 | Q22: 652050
A23: 652050 | B23: PHSI, AMEX,STAPLES | Q23: 652070
A24: 652070 | Q24: 660040
A25: 660040 | Q25: 660050
A26: 660050 | Q26: 632010
Q27: 632020
Q28: 650050

Sheet (FBL3N)
A1: GL Accounts | B1: Cost Centers | C1: Vendors
A2: 631020 | B2: 6011 | C2: ALP060
A3: 631030 | B3: 6012 | C3: ALP261
A4: 631040 | B4: 6013 | C4: AME000
A5: 630080 | B5: 6041 | C5: AME127
A6: 630090 | B6: 6042 | C6: AME999
A7: 631010 | B7: 6043 | C7: APS212
A8: 651010 | B8: 6051 | C8: CIN337
A9: 651020 | B9: 6052 | C9: CIT532
A10: 651030 | B10: 6053 | C10: CRO156
A11: 630010 | B11: 6061 | C11: FER173
A12: 630030 | B12: 6062 | C12: FRE305
A13: 630070 | B13: 6063 | C13: JAC149
A14: 651040 | C14: JCE138
A15: 651050 | C15: LIF373
A16: 651060 | C16: MAT490
A17: 651070 | C17: MJN797
A18: 651080 | C18: OMN193
A19: 651090 | C19: PSL628
A20: 652020 | C20: RAY233
A21: 652030 | C21: SIG209
A22: 652050 | C22: STA124
A23: 652070 | C23: STA368
A24: 660040 | C24: TRI715
A25: 660050 | C25: ULI531
... A27: 632020 | C27: WGR204
A28: 650050

Sheet AZ
I1: Cost Center | J1: 6051
A2: Arizona Use Tax | F2: State tax = | G2: 0.056 | J2: 6052
A3: Nov 2024 | F3: Maricopa tax= | G3: 0 | J3: 6053
F4: Peoria tax = | G4: 0.018
G5: =SUM(G2:G4) -> 0.074
A6: Date | B6: Vendor/Doc # | C6: Invoice # | D6: Vendor Name | E6: Amount | F6: G/L
A7: 45607 | B7: 1900764796 | C7: 72243337726 | D7: Veritiv | E7: 405.36 | F7: 651090
A8: 45616 | B8: 1900767569 | C8: WRVC220 | D8: Sunstar Electric Inc | E8: =68+32+83 -> 183 | F8: 631010
A9: 45621 | B9: 1900768413 | C9: PHXINV005094 | D9: Thompson Safety Works | E9: 239.96 | F9: 631040
D20: Taxable Purchases | E20: =SUM(E7:E19) -> 828.32
D22: Maricopa Tax | E22: =+E20*G3 -> 0
D23: State Tax | E23: =+E20*G2 -> 46.38592
D24: Peoria Tax | E24: =+E20*G4 -> 14.90976
D25: TOTAL Tax | E25: =SUM(E22:E24) -> 61.29568

Sheet FL
I1: Cost Center | J1: 6041
A2: Florida Use Tax | F2: State tax = | G2: 0.06 | J2: 6042
A3: =AZ!A3 -> Nov 2024 | F3: Duval County tax = | G3: 0.01 | J3: 6043
A6: Date | B6: Vendor/Doc # | C6: Invoice # | D6: Vendor Name | E6: Amount | F6: G/L
D14: Taxable Purchases | E14: =SUM(E7:E13) -> 0
D16: State Tax | E16: =E14*6% -> 0
D17: Duval County Tax | E17: =E14*1% -> 0
D18: Total Tax | E18: =SUM(E16:E17) -> 0

Sheet PA
I1: Cost Center | J1: 6011
A2: Pennsylvania Use Tax | F2: State tax = | G2: 0.06 | J2: 6012
A3: =AZ!A3 -> Nov 2024 | J3: 6013
A6: Date | B6: Vendor/Doc # | C6: Invoice # | D6: Vendor Name | E6: Amount | F6: G/L
A7: 45595 | B7: 1900761564 | C7: 9298743387 | D7: Grainger | E7: 265.46 | F7: 631010
A8: 45601 | B8: 1900765835 | C8: 1017 | D8: LVH Property Restorations | E8: 877.5 | F8: 630090
A9: 45601 | B9: 1900766175 | C9: 185256698 | D9: Uline | E9: 89.23 | F9: 631010
A10: 45435 | B10: 1900766921 | C10: INV700109110 | D10: Peak Technologies | E10: 399.68 | F10: 652020
A11: 45616 | B11: 1900768399 | C11: 185891315 | D11: Uline | E11: =65+55+96 -> 216 | F11: 630090
A12: 45072 | B12: 1900766922 | C12: 333374 | D12: Peak Technologies | E12: 766.28 | F12: 652020
D16: Taxable Purchases | E16: =SUM(E7:E14) -> 2614.15
D17: TOTAL Tax | E17: =E16*6% -> 156.849

Sheet TX
I1: Cost Center | J1: 6061
A2: Texas Use Tax | F2: State tax = | G2: 0.0825 | J2: 6062
A3: =AZ!A3 -> Nov 2024 | J3: 6063
A6: Date | B6: Vendor/Doc # | C6: Invoice # | D6: Vendor Name | E6: Amount | F6: G/L
A7: 45595 | B7: 1900761748 | C7: 601407971 | D7: Concentric | E7: 2240 | F7: 631020
A8: 45288 | B8: 1900767150 | C8: 1034466 | D8: International Paper Company | E8: 275 | F8: 630080
A9: 45231 | B9: 1900767151 | C9: 988977 | D9: International Paper Company | E9: 275 | F9: 630080
A10: 45621 | B10: 1900768404 | C10: 84204 | D10: Dynaten Service | E10: 903.75 | F10: 631010
A11: 45614 | B11: 1900768414 | C11: 185752313 | D11: Uline | E11: 86.5 | F11: 651060
A12: 45615 | B12: 1900768415 | C12: 185871752 | D12: Uline | E12: 86.5 | F12: 651060
D22: Taxable Purchases | E22: =SUM(E7:E21) -> 3866.75
D23: TOTAL Tax | E23: =E22*8.25% -> 319.00688
B1048560: PSL628

Sheet CO
A2: Colorado Use Tax | F2: State tax =
A3: =AZ!A3 -> Nov 2024
A6: Date | B6: Vendor # | C6: Invoice # | D6: Vendor Name | E6: Amount | F6: G/L
D16: Taxable Purchases | E16: =E14 -> 0
D17: TOTAL Tax | E17: =E16*G2 -> 0

Sheet KY
A2: Kentucky Use Tax | F2: State tax = | G2: 0.06
A3: =AZ!A3 -> Nov 2024
A6: Date | B6: Vendor # | C6: Invoice # | D6: Vendor Name | E6: Amount | F6: G/L
D23: Taxable Purchases | E23: =+E18 -> 0
D24: TOTAL Tax | E24: =+E23*G2 -> 0

Sheet NM
A2: New Mexico Use Tax | F2: State tax = | G2: 0.05125
A3: =AZ!A3 -> Nov 2024
A6: Date | B6: Vendor # | C6: Invoice # | D6: Vendor Name | E6: Amount | F6: G/L
D23: Taxable Purchases | E23: =+E18 -> 0
D24: TOTAL Tax | E24: =+E23*G2 -> 0
